file_name,file_path,file_size_kb,parse_status,complaint_object,email_generation,subject,body,email_sent,summary_generation,case_overview,key_issue,action_taken,current_status,recommended_next_action
complaint_001.txt,D:\iit_patna_project\iit_patna_capstone_project\data\input/processed\complaint_001.txt,0.87,Completed,"{'customer_name': 'Ananya Sharma', 'customer_email': 'ananya.sharma@yopmail.com', 'customer_phone': '+91-9876543210', 'complaint_category': 'Billing Issue', 'complaint_description': 'I was charged INR 2,499 for my monthly subscription even though my plan was downgraded to INR 1,499 before the billing date. I contacted customer support on 12 August and was told that the excess amount would be reviewed.', 'resolution_provided': 'The billing team reviewed the account and confirmed that the higher amount was charged incorrectly. A refund of INR 1,000 has been initiated to the original payment method. The customer was informed that the refund may take 5-7 business days.', 'escalation_information': 'No escalation is required at this time.', 'supporting_information': 'The customer provided a screenshot of the invoice showing the incorrect amount.', 'current_status': 'Resolved - Refund Initiated'}",Completed,"Resolution: Refund Initiated for Billing Issue (INR 1,000) – No Further Action Required","Dear Ananya Sharma,

Thank you for bringing your recent billing concern to our attention. We sincerely apologize for the inconvenience caused by being incorrectly charged INR 2,499 for your subscription, despite downgrading your plan to INR 1,499 before the billing date.

Following your contact with our customer support team on 12 August, and after reviewing the supporting invoice screenshot you provided, our billing team confirmed that the higher amount was charged in error. We have now initiated a refund of INR 1,000 to your original payment method. Please allow 5-7 business days for the refund to be reflected in your account.

This issue has been fully resolved, and no further follow-up is necessary at this time. Should you need any further assistance or have additional questions, please feel free to reach out.

Best regards,
Service Team",True,Completed,"Ananya Sharma reported being overcharged INR 2,499 for her monthly subscription despite downgrading her plan to INR 1,499 before the billing date. She contacted customer support on 12 August and provided an invoice screenshot as supporting evidence. The billing team investigated and confirmed that an incorrect charge had occurred.",Customer was incorrectly charged a higher subscription fee after a timely plan downgrade.,"The billing team reviewed the account, identified the overcharge, and initiated a refund of INR 1,000 to the customer’s original payment method. An email confirming the resolution and refund timeline was sent to the customer.",Resolved - Refund Initiated,Monitor refund completion and remain available to assist the customer if there are any delays or further concerns.
